{
  "hash": "2359e740",
  "configHash": "1d46a4f9",
  "lockfileHash": "ed1f5388",
  "browserHash": "ce239668",
  "optimized": {
    "@angular/common/http": {
      "src": "../../../../../../node_modules/@angular/common/fesm2022/http.mjs",
      "file": "@angular_common_http.js",
      "fileHash": "71d2cb4b",
      "needsInterop": false
    },
    "@angular/core": {
      "src": "../../../../../../node_modules/@angular/core/fesm2022/core.mjs",
      "file": "@angular_core.js",
      "fileHash": "1267c5ff",
      "needsInterop": false
    },
    "@angular/platform-browser": {
      "src": "../../../../../../node_modules/@angular/platform-browser/fesm2022/platform-browser.mjs",
      "file": "@angular_platform-browser.js",
      "fileHash": "24001035",
      "needsInterop": false
    },
    "@angular/router": {
      "src": "../../../../../../node_modules/@angular/router/fesm2022/router.mjs",
      "file": "@angular_router.js",
      "fileHash": "47915ed2",
      "needsInterop": false
    },
    "@angular/forms": {
      "src": "../../../../../../node_modules/@angular/forms/fesm2022/forms.mjs",
      "file": "@angular_forms.js",
      "fileHash": "0bbfcf43",
      "needsInterop": false
    },
    "@angular/common": {
      "src": "../../../../../../node_modules/@angular/common/fesm2022/common.mjs",
      "file": "@angular_common.js",
      "fileHash": "e41d23e0",
      "needsInterop": false
    }
  },
  "chunks": {
    "chunk-BT3V7EJX": {
      "file": "chunk-BT3V7EJX.js"
    },
    "chunk-VCDOSR6K": {
      "file": "chunk-VCDOSR6K.js"
    },
    "chunk-SCQHLXFS": {
      "file": "chunk-SCQHLXFS.js"
    },
    "chunk-ILSQMM5U": {
      "file": "chunk-ILSQMM5U.js"
    },
    "chunk-RBJASJIM": {
      "file": "chunk-RBJASJIM.js"
    }
  }
}